id;nome;cpf;nascimento
1;Pablo - 1;12345678912;1985-06-25
2;Pablo - 2;12345678912;1985-06-26
3;Pablo - 3;12345678912;1985-06-27
4;Pablo - 4;12345678912;1985-06-28
5;Pablo - 5;12345678912;1985-06-29
6;Pablo - 6;12345678912;1985-06-30
7;Pablo - 7;12345678912;1985-07-01
8;Pablo - 8;12345678912;1985-07-02
9;Pablo - 9;12345678912;1985-07-03
10;Pablo - 10;12345678912;1985-07-04
11;Pablo - 11;12345678912;1985-07-05
12;Pablo - 12;12345678912;1985-07-06
13;Pablo - 13;12345678912;1985-07-07
14;Pablo - 14;12345678912;1985-07-08
15;Pablo - 15;12345678912;1985-07-09
